{
  "semantic_scores": [
    1.0,
    1.0,
    0.5,
    0.8,
    1.0,
    0.5,
    0.6,
    1.0,
    1.0,
    1.0,
    1.0,
    0.8,
    1.0,
    1.0,
    0.8,
    0.8,
    0.0,
    1.0,
    0.5,
    1.0,
    0.8,
    1.0,
    1.0,
    1.0,
    1.0
  ],
  "hybrid_scores": [
    0.6,
    1.0,
    0.8,
    0.8,
    1.0,
    1.0,
    1.0,
    1.0,
    0.0,
    1.0,
    0.8,
    0.0,
    1.0,
    1.0,
    0.8,
    1.0,
    0.0,
    1.0,
    0.5,
    1.0,
    0.0,
    1.0,
    0.7,
    1.0,
    0.0
  ],
  "semantic_mean": 0.8440000000000001,
  "hybrid_mean": 0.72,
  "improvement_pct": -14.691943127962098,
  "p_value": 0.8106641457501906,
  "significant": false
}